{
  "rollWidget": {
    "origin": "BOTTOM",
    "offset": {
      "f_82470_": -88.66676,
      "f_82471_": -40.00008
    }
  }
}