{
  "rollWidget": {
    "origin": "BOTTOM",
    "offset": {
      "f_82470_": 143.66663,
      "f_82471_": -11.33341
    }
  }
}