{
  "rollWidget": {
    "origin": "BOTTOM",
    "offset": {
      "f_82470_": 145.33334,
      "f_82471_": -8.000082
    }
  }
}