{
  "rollWidget": {
    "origin": "BOTTOM",
    "offset": {
      "f_82470_": 155.99997,
      "f_82471_": -17.666666
    }
  }
}