{
  "dimension": "minecraft:overworld",
  "x": 35.43690224187945,
  "y": 64.0,
  "z": 19.563620901887976
}